Handle,Title,Type,Stone,Prompt,Negative prompt,Aspect ratio
ondine-solitaire,Ondine Solitaire,Ring,aquamarine,"Luxury fine-jewellery product photograph of a solitaire ring: one round brilliant-cut 1.2 ct pale sky-blue aquamarine held high on four slim claws above a thin polished 18k yellow gold band, shown at a three-quarter angle so the stone and band profile are both visible. Soft pale aqua-to-pearl gradient backdrop (#F1FBFC fading to #CBEDF3) with faint rippling water-caustic light, and a soft pool of pale sky-blue light glowing beneath the piece. Diffused high-key studio light from above left, crisp specular highlights on polished gold, true-to-life gemstone colour with visible facets and inner sparkle. Piece centred in the lower two thirds of the frame, filling about 55% of it, generous empty space at the top. Editorial luxury jewellery photography, macro lens, f/8, ultra sharp focus on the stone, gentle natural shadow. Vertical 4:5, 2000×2500 px.","text, watermark, logo, hands, model, mannequin, props, flowers, velvet box, dark background, harsh shadows, oversaturated colours, plastic or CGI look, bent or extra prongs, extra stones, warped band, blurry, dust, fingerprints",4:5
heirloom-signet,Heirloom Signet,Ring,turquoise,"Luxury fine-jewellery product photograph of a cushion-shaped signet ring in polished 18k yellow gold, its flat face set with a smooth robin's-egg turquoise inlay framed by a fine gold rim, shown face-on and slightly tilted. Soft pale aqua-to-pearl gradient backdrop (#F1FBFC fading to #CBEDF3) with faint rippling water-caustic light, and a soft pool of soft robin's-egg turquoise light glowing beneath the piece. Diffused high-key studio light from above left, crisp specular highlights on polished gold, true-to-life gemstone colour with visible facets and inner sparkle. Piece centred in the lower two thirds of the frame, filling about 55% of it, generous empty space at the top. Editorial luxury jewellery photography, macro lens, f/8, ultra sharp focus on the stone, gentle natural shadow. Vertical 4:5, 2000×2500 px.","text, watermark, logo, hands, model, mannequin, props, flowers, velvet box, dark background, harsh shadows, oversaturated colours, plastic or CGI look, bent or extra prongs, extra stones, warped band, blurry, dust, fingerprints",4:5
nocturne-band,Nocturne Band,Ring,aquamarine,"Luxury fine-jewellery product photograph of a half-eternity band in polished 18k yellow gold with five small round aquamarines set across the top, standing upright at a slight angle to show the smooth inside of the band. Soft pale aqua-to-pearl gradient backdrop (#F1FBFC fading to #CBEDF3) with faint rippling water-caustic light, and a soft pool of pale sky-blue light glowing beneath the piece. Diffused high-key studio light from above left, crisp specular highlights on polished gold, true-to-life gemstone colour with visible facets and inner sparkle. Piece centred in the lower two thirds of the frame, filling about 55% of it, generous empty space at the top. Editorial luxury jewellery photography, macro lens, f/8, ultra sharp focus on the stone, gentle natural shadow. Vertical 4:5, 2000×2500 px.","text, watermark, logo, hands, model, mannequin, props, flowers, velvet box, dark background, harsh shadows, oversaturated colours, plastic or CGI look, bent or extra prongs, extra stones, warped band, blurry, dust, fingerprints",4:5
mare-alta-cocktail-ring,Maré Alta Cocktail Ring,Ring,paraiba,"Luxury fine-jewellery product photograph of a cocktail ring with a large 2.1 ct oval neon-teal Paraíba tourmaline surrounded by a halo of fine milgrain gold beads on a tapered 18k yellow gold band, three-quarter view. Soft pale aqua-to-pearl gradient backdrop (#F1FBFC fading to #CBEDF3) with faint rippling water-caustic light, and a soft pool of electric neon-teal light glowing beneath the piece. Diffused high-key studio light from above left, crisp specular highlights on polished gold, true-to-life gemstone colour with visible facets and inner sparkle. Piece centred in the lower two thirds of the frame, filling about 55% of it, generous empty space at the top. Editorial luxury jewellery photography, macro lens, f/8, ultra sharp focus on the stone, gentle natural shadow. Vertical 4:5, 2000×2500 px.","text, watermark, logo, hands, model, mannequin, props, flowers, velvet box, dark background, harsh shadows, oversaturated colours, plastic or CGI look, bent or extra prongs, extra stones, warped band, blurry, dust, fingerprints",4:5
brisa-stacking-ring,Brisa Stacking Ring,Ring,topaz,"Luxury fine-jewellery product photograph of a set of three slim stacking rings in 18k yellow gold, the middle one set with a row of seven tiny swiss-blue topaz, stacked together at a slight angle. Soft pale aqua-to-pearl gradient backdrop (#F1FBFC fading to #CBEDF3) with faint rippling water-caustic light, and a soft pool of clear swiss-blue light glowing beneath the piece. Diffused high-key studio light from above left, crisp specular highlights on polished gold, true-to-life gemstone colour with visible facets and inner sparkle. Piece centred in the lower two thirds of the frame, filling about 55% of it, generous empty space at the top. Editorial luxury jewellery photography, macro lens, f/8, ultra sharp focus on the stone, gentle natural shadow. Vertical 4:5, 2000×2500 px.","text, watermark, logo, hands, model, mannequin, props, flowers, velvet box, dark background, harsh shadows, oversaturated colours, plastic or CGI look, bent or extra prongs, extra stones, warped band, blurry, dust, fingerprints",4:5
lua-toi-et-moi,Lua Toi et Moi,Ring,aquamarine,"Luxury fine-jewellery product photograph of a toi-et-moi ring: a pear-cut pale aquamarine and a round swiss-blue topaz facing each other on an open, bypass-style 18k yellow gold band, three-quarter view. Soft pale aqua-to-pearl gradient backdrop (#F1FBFC fading to #CBEDF3) with faint rippling water-caustic light, and a soft pool of pale sky-blue light glowing beneath the piece. Diffused high-key studio light from above left, crisp specular highlights on polished gold, true-to-life gemstone colour with visible facets and inner sparkle. Piece centred in the lower two thirds of the frame, filling about 55% of it, generous empty space at the top. Editorial luxury jewellery photography, macro lens, f/8, ultra sharp focus on the stone, gentle natural shadow. Vertical 4:5, 2000×2500 px.","text, watermark, logo, hands, model, mannequin, props, flowers, velvet box, dark background, harsh shadows, oversaturated colours, plastic or CGI look, bent or extra prongs, extra stones, warped band, blurry, dust, fingerprints",4:5
sal-eternity-band,Sal Eternity Band,Ring,paraiba,"Luxury fine-jewellery product photograph of a full eternity band in 18k yellow gold with neon-teal Paraíba tourmalines set shoulder to shoulder all the way around, standing upright at an angle. Soft pale aqua-to-pearl gradient backdrop (#F1FBFC fading to #CBEDF3) with faint rippling water-caustic light, and a soft pool of electric neon-teal light glowing beneath the piece. Diffused high-key studio light from above left, crisp specular highlights on polished gold, true-to-life gemstone colour with visible facets and inner sparkle. Piece centred in the lower two thirds of the frame, filling about 55% of it, generous empty space at the top. Editorial luxury jewellery photography, macro lens, f/8, ultra sharp focus on the stone, gentle natural shadow. Vertical 4:5, 2000×2500 px.","text, watermark, logo, hands, model, mannequin, props, flowers, velvet box, dark background, harsh shadows, oversaturated colours, plastic or CGI look, bent or extra prongs, extra stones, warped band, blurry, dust, fingerprints",4:5
maree-pendant,Marée Pendant,Necklace,paraiba,"Luxury fine-jewellery product photograph of a pendant necklace: a 0.8 ct pear-cut neon-teal Paraíba tourmaline in a fine polished 18k yellow gold bezel, hanging from a delicate cable chain laid in a soft V shape. Soft pale aqua-to-pearl gradient backdrop (#F1FBFC fading to #CBEDF3) with faint rippling water-caustic light, and a soft pool of electric neon-teal light glowing beneath the piece. Diffused high-key studio light from above left, crisp specular highlights on polished gold, true-to-life gemstone colour with visible facets and inner sparkle. Piece centred in the lower two thirds of the frame, filling about 55% of it, generous empty space at the top. Editorial luxury jewellery photography, macro lens, f/8, ultra sharp focus on the stone, gentle natural shadow. Vertical 4:5, 2000×2500 px.","text, watermark, logo, hands, model, mannequin, props, flowers, velvet box, dark background, harsh shadows, oversaturated colours, plastic or CGI look, bent or extra prongs, extra stones, warped band, blurry, dust, fingerprints",4:5
azur-drop-necklace,Azur Drop Necklace,Necklace,topaz,"Luxury fine-jewellery product photograph of a necklace with three graduated blue topaz drops hanging in a vertical line, from pale sky-blue at the top to deep lagoon blue at the bottom, each in an 18k yellow gold bezel on a fine chain laid in a V. Soft pale aqua-to-pearl gradient backdrop (#F1FBFC fading to #CBEDF3) with faint rippling water-caustic light, and a soft pool of clear swiss-blue light glowing beneath the piece. Diffused high-key studio light from above left, crisp specular highlights on polished gold, true-to-life gemstone colour with visible facets and inner sparkle. Piece centred in the lower two thirds of the frame, filling about 55% of it, generous empty space at the top. Editorial luxury jewellery photography, macro lens, f/8, ultra sharp focus on the stone, gentle natural shadow. Vertical 4:5, 2000×2500 px.","text, watermark, logo, hands, model, mannequin, props, flowers, velvet box, dark background, harsh shadows, oversaturated colours, plastic or CGI look, bent or extra prongs, extra stones, warped band, blurry, dust, fingerprints",4:5
cascais-station-chain,Cascais Station Chain,Necklace,aquamarine,"Luxury fine-jewellery product photograph of a fine 18k yellow gold station chain with nine small round aquamarines in bezels spaced evenly along it, laid in a gentle curve. Soft pale aqua-to-pearl gradient backdrop (#F1FBFC fading to #CBEDF3) with faint rippling water-caustic light, and a soft pool of pale sky-blue light glowing beneath the piece. Diffused high-key studio light from above left, crisp specular highlights on polished gold, true-to-life gemstone colour with visible facets and inner sparkle. Piece centred in the lower two thirds of the frame, filling about 55% of it, generous empty space at the top. Editorial luxury jewellery photography, macro lens, f/8, ultra sharp focus on the stone, gentle natural shadow. Vertical 4:5, 2000×2500 px.","text, watermark, logo, hands, model, mannequin, props, flowers, velvet box, dark background, harsh shadows, oversaturated colours, plastic or CGI look, bent or extra prongs, extra stones, warped band, blurry, dust, fingerprints",4:5
onda-lariat,Onda Lariat,Necklace,turquoise,"Luxury fine-jewellery product photograph of a slim 18k yellow gold lariat necklace threaded through a small ring set with a smooth round turquoise cabochon, the two long ends falling in parallel, laid in a loose Y shape. Soft pale aqua-to-pearl gradient backdrop (#F1FBFC fading to #CBEDF3) with faint rippling water-caustic light, and a soft pool of soft robin's-egg turquoise light glowing beneath the piece. Diffused high-key studio light from above left, crisp specular highlights on polished gold, true-to-life gemstone colour with visible facets and inner sparkle. Piece centred in the lower two thirds of the frame, filling about 55% of it, generous empty space at the top. Editorial luxury jewellery photography, macro lens, f/8, ultra sharp focus on the stone, gentle natural shadow. Vertical 4:5, 2000×2500 px.","text, watermark, logo, hands, model, mannequin, props, flowers, velvet box, dark background, harsh shadows, oversaturated colours, plastic or CGI look, bent or extra prongs, extra stones, warped band, blurry, dust, fingerprints",4:5
farol-medallion,Farol Medallion,Necklace,topaz,"Luxury fine-jewellery product photograph of a round polished 18k yellow gold medallion pendant with a single round swiss-blue topaz set at its centre and fine radiating lines engraved around it, on a delicate chain. Soft pale aqua-to-pearl gradient backdrop (#F1FBFC fading to #CBEDF3) with faint rippling water-caustic light, and a soft pool of clear swiss-blue light glowing beneath the piece. Diffused high-key studio light from above left, crisp specular highlights on polished gold, true-to-life gemstone colour with visible facets and inner sparkle. Piece centred in the lower two thirds of the frame, filling about 55% of it, generous empty space at the top. Editorial luxury jewellery photography, macro lens, f/8, ultra sharp focus on the stone, gentle natural shadow. Vertical 4:5, 2000×2500 px.","text, watermark, logo, hands, model, mannequin, props, flowers, velvet box, dark background, harsh shadows, oversaturated colours, plastic or CGI look, bent or extra prongs, extra stones, warped band, blurry, dust, fingerprints",4:5
tide-crescent-hoops,Tide Crescent Hoops,Earrings,topaz,"Luxury fine-jewellery product photograph of a pair of open crescent-shaped hoop earrings in polished 18k yellow gold, each finished with a single small swiss-blue topaz at the tip, one standing and one lying at an angle. Soft pale aqua-to-pearl gradient backdrop (#F1FBFC fading to #CBEDF3) with faint rippling water-caustic light, and a soft pool of clear swiss-blue light glowing beneath the piece. Diffused high-key studio light from above left, crisp specular highlights on polished gold, true-to-life gemstone colour with visible facets and inner sparkle. Piece centred in the lower two thirds of the frame, filling about 55% of it, generous empty space at the top. Editorial luxury jewellery photography, macro lens, f/8, ultra sharp focus on the stone, gentle natural shadow. Vertical 4:5, 2000×2500 px.","text, watermark, logo, hands, model, mannequin, props, flowers, velvet box, dark background, harsh shadows, oversaturated colours, plastic or CGI look, bent or extra prongs, extra stones, warped band, blurry, dust, fingerprints",4:5
petite-etoile-studs,Petite Étoile Studs,Earrings,paraiba,"Luxury fine-jewellery product photograph of a pair of small stud earrings, each a round neon-teal Paraíba tourmaline in a star-shaped 18k yellow gold setting, one face-on and one at an angle showing the post and butterfly back. Soft pale aqua-to-pearl gradient backdrop (#F1FBFC fading to #CBEDF3) with faint rippling water-caustic light, and a soft pool of electric neon-teal light glowing beneath the piece. Diffused high-key studio light from above left, crisp specular highlights on polished gold, true-to-life gemstone colour with visible facets and inner sparkle. Piece centred in the lower two thirds of the frame, filling about 55% of it, generous empty space at the top. Editorial luxury jewellery photography, macro lens, f/8, ultra sharp focus on the stone, gentle natural shadow. Vertical 4:5, 2000×2500 px.","text, watermark, logo, hands, model, mannequin, props, flowers, velvet box, dark background, harsh shadows, oversaturated colours, plastic or CGI look, bent or extra prongs, extra stones, warped band, blurry, dust, fingerprints",4:5
gota-drop-earrings,Gota Drop Earrings,Earrings,aquamarine,"Luxury fine-jewellery product photograph of a pair of drop earrings: pear-cut pale aquamarines in fine 18k yellow gold bezels hanging from slim gold hooks, hung side by side as if suspended. Soft pale aqua-to-pearl gradient backdrop (#F1FBFC fading to #CBEDF3) with faint rippling water-caustic light, and a soft pool of pale sky-blue light glowing beneath the piece. Diffused high-key studio light from above left, crisp specular highlights on polished gold, true-to-life gemstone colour with visible facets and inner sparkle. Piece centred in the lower two thirds of the frame, filling about 55% of it, generous empty space at the top. Editorial luxury jewellery photography, macro lens, f/8, ultra sharp focus on the stone, gentle natural shadow. Vertical 4:5, 2000×2500 px.","text, watermark, logo, hands, model, mannequin, props, flowers, velvet box, dark background, harsh shadows, oversaturated colours, plastic or CGI look, bent or extra prongs, extra stones, warped band, blurry, dust, fingerprints",4:5
espuma-huggies,Espuma Huggies,Earrings,turquoise,"Luxury fine-jewellery product photograph of a pair of small hinged huggie hoop earrings in 18k yellow gold, the outer face lined with a channel of smooth turquoise, one closed and one open. Soft pale aqua-to-pearl gradient backdrop (#F1FBFC fading to #CBEDF3) with faint rippling water-caustic light, and a soft pool of soft robin's-egg turquoise light glowing beneath the piece. Diffused high-key studio light from above left, crisp specular highlights on polished gold, true-to-life gemstone colour with visible facets and inner sparkle. Piece centred in the lower two thirds of the frame, filling about 55% of it, generous empty space at the top. Editorial luxury jewellery photography, macro lens, f/8, ultra sharp focus on the stone, gentle natural shadow. Vertical 4:5, 2000×2500 px.","text, watermark, logo, hands, model, mannequin, props, flowers, velvet box, dark background, harsh shadows, oversaturated colours, plastic or CGI look, bent or extra prongs, extra stones, warped band, blurry, dust, fingerprints",4:5
maresia-climbers,Maresia Climbers,Earrings,aquamarine,"Luxury fine-jewellery product photograph of a pair of ear-climber earrings: a curved line of graduated round aquamarines in 18k yellow gold claws, largest at the lobe and tapering upward, laid mirror-image. Soft pale aqua-to-pearl gradient backdrop (#F1FBFC fading to #CBEDF3) with faint rippling water-caustic light, and a soft pool of pale sky-blue light glowing beneath the piece. Diffused high-key studio light from above left, crisp specular highlights on polished gold, true-to-life gemstone colour with visible facets and inner sparkle. Piece centred in the lower two thirds of the frame, filling about 55% of it, generous empty space at the top. Editorial luxury jewellery photography, macro lens, f/8, ultra sharp focus on the stone, gentle natural shadow. Vertical 4:5, 2000×2500 px.","text, watermark, logo, hands, model, mannequin, props, flowers, velvet box, dark background, harsh shadows, oversaturated colours, plastic or CGI look, bent or extra prongs, extra stones, warped band, blurry, dust, fingerprints",4:5
celeste-tennis-bracelet,Céleste Tennis Bracelet,Bracelet,aquamarine,"Luxury fine-jewellery product photograph of a tennis bracelet of twenty-one round pale aquamarines, each in its own four-claw 18k yellow gold setting, laid in a loose open oval with the box clasp visible. Soft pale aqua-to-pearl gradient backdrop (#F1FBFC fading to #CBEDF3) with faint rippling water-caustic light, and a soft pool of pale sky-blue light glowing beneath the piece. Diffused high-key studio light from above left, crisp specular highlights on polished gold, true-to-life gemstone colour with visible facets and inner sparkle. Piece centred in the lower two thirds of the frame, filling about 55% of it, generous empty space at the top. Editorial luxury jewellery photography, macro lens, f/8, ultra sharp focus on the stone, gentle natural shadow. Vertical 4:5, 2000×2500 px.","text, watermark, logo, hands, model, mannequin, props, flowers, velvet box, dark background, harsh shadows, oversaturated colours, plastic or CGI look, bent or extra prongs, extra stones, warped band, blurry, dust, fingerprints",4:5
rio-bangle,Rio Bangle,Bracelet,topaz,"Luxury fine-jewellery product photograph of a slim oval bangle in polished 18k yellow gold with three swiss-blue topaz flush-set in a row along the top, standing on its edge at a three-quarter angle. Soft pale aqua-to-pearl gradient backdrop (#F1FBFC fading to #CBEDF3) with faint rippling water-caustic light, and a soft pool of clear swiss-blue light glowing beneath the piece. Diffused high-key studio light from above left, crisp specular highlights on polished gold, true-to-life gemstone colour with visible facets and inner sparkle. Piece centred in the lower two thirds of the frame, filling about 55% of it, generous empty space at the top. Editorial luxury jewellery photography, macro lens, f/8, ultra sharp focus on the stone, gentle natural shadow. Vertical 4:5, 2000×2500 px.","text, watermark, logo, hands, model, mannequin, props, flowers, velvet box, dark background, harsh shadows, oversaturated colours, plastic or CGI look, bent or extra prongs, extra stones, warped band, blurry, dust, fingerprints",4:5
azulejo-link-bracelet,Azulejo Link Bracelet,Bracelet,turquoise,"Luxury fine-jewellery product photograph of a bracelet of small square 18k yellow gold links, each inlaid with a turquoise tile carved with a fine geometric pattern inspired by Lisbon azulejo tiles, laid in a gentle S curve. Soft pale aqua-to-pearl gradient backdrop (#F1FBFC fading to #CBEDF3) with faint rippling water-caustic light, and a soft pool of soft robin's-egg turquoise light glowing beneath the piece. Diffused high-key studio light from above left, crisp specular highlights on polished gold, true-to-life gemstone colour with visible facets and inner sparkle. Piece centred in the lower two thirds of the frame, filling about 55% of it, generous empty space at the top. Editorial luxury jewellery photography, macro lens, f/8, ultra sharp focus on the stone, gentle natural shadow. Vertical 4:5, 2000×2500 px.","text, watermark, logo, hands, model, mannequin, props, flowers, velvet box, dark background, harsh shadows, oversaturated colours, plastic or CGI look, bent or extra prongs, extra stones, warped band, blurry, dust, fingerprints",4:5
